"iso","umd_tree_cover_extent_2000__ha","area__ha"
"MYS",29444768.36877260600860998,32957849.02358731978038673
